symbol,company,sector,sub_industry,headquarters,date_added,founded,year_added,decade_added,founded_decade,hq_state
MMM,3M,Industrials,Industrial Conglomerates,"Saint Paul, Minnesota",1957-03-04,1902,1957,1950,1900,Minnesota
AOS,A. O. Smith,Industrials,Building Products,"Milwaukee, Wisconsin",2017-07-26,1916,2017,2010,1910,Wisconsin
ABT,Abbott Laboratories,Health Care,Health Care Equipment,"North Chicago, Illinois",1957-03-04,1888,1957,1950,1880,Illinois
ABBV,AbbVie,Health Care,Biotechnology,"North Chicago, Illinois",2012-12-31,,2012,2010,,Illinois
ACN,Accenture,Information Technology,IT Consulting & Other Services,"Dublin, Ireland",2011-07-06,1989,2011,2010,1980,Ireland
ADBE,Adobe Inc.,Information Technology,Application Software,"San Jose, California",1997-05-05,1982,1997,1990,1980,California
AMD,Advanced Micro Devices,Information Technology,Semiconductors,"Santa Clara, California",2017-03-20,1969,2017,2010,1960,California
AES,AES Corporation,Utilities,Independent Power Producers & Energy Traders,"Arlington, Virginia",1998-10-02,1981,1998,1990,1980,Virginia
AFL,Aflac,Financials,Life & Health Insurance,"Columbus, Georgia",1999-05-28,1955,1999,1990,1950,Georgia
A,Agilent Technologies,Health Care,Life Sciences Tools & Services,"Santa Clara, California",2000-06-05,1999,2000,2000,1990,California
APD,Air Products,Materials,Industrial Gases,"Upper Macungie Township, Pennsylvania",1985-04-30,1940,1985,1980,1940,Pennsylvania
ABNB,Airbnb,Consumer Discretionary,"Hotels, Resorts & Cruise Lines","San Francisco, California",2023-09-18,2008,2023,2020,2000,California
AKAM,Akamai Technologies,Information Technology,Internet Services & Infrastructure,"Cambridge, Massachusetts",2007-07-12,1998,2007,2000,1990,Massachusetts
ALB,Albemarle Corporation,Materials,Specialty Chemicals,"Charlotte, North Carolina",2016-07-01,1994,2016,2010,1990,North Carolina
ARE,Alexandria Real Estate Equities,Real Estate,Office REITs,"Pasadena, California",2017-03-20,1994,2017,2010,1990,California
ALGN,Align Technology,Health Care,Health Care Supplies,"Tempe, Arizona",2017-06-19,1997,2017,2010,1990,Arizona
ALLE,Allegion,Industrials,Building Products,"Dublin, Ireland",2013-12-02,1908,2013,2010,1900,Ireland
LNT,Alliant Energy,Utilities,Electric Utilities,"Madison, Wisconsin",2016-07-01,1917,2016,2010,1910,Wisconsin
ALL,Allstate,Financials,Property & Casualty Insurance,"Northbrook, Illinois",1995-07-13,1931,1995,1990,1930,Illinois
GOOGL,Alphabet Inc. (Class A),Communication Services,Interactive Media & Services,"Mountain View, California",2006-04-03,1998,2006,2000,1990,California
GOOG,Alphabet Inc. (Class C),Communication Services,Interactive Media & Services,"Mountain View, California",2014-04-03,1998,2014,2010,1990,California
MO,Altria,Consumer Staples,Tobacco,"Richmond, Virginia",1957-03-04,1985,1957,1950,1980,Virginia
AMZN,Amazon,Consumer Discretionary,Broadline Retail,"Seattle, Washington",2005-11-18,1994,2005,2000,1990,Washington
AMCR,Amcor,Materials,Paper & Plastic Packaging Products & Materials,"Warmley, Bristol, United Kingdom",2019-06-07,,2019,2010,,United Kingdom
AEE,Ameren,Utilities,Multi-Utilities,"St. Louis, Missouri",1991-09-19,1902,1991,1990,1900,Missouri
AEP,American Electric Power,Utilities,Electric Utilities,"Columbus, Ohio",1957-03-04,1906,1957,1950,1900,Ohio
AXP,American Express,Financials,Consumer Finance,"New York City, New York",1976-06-30,1850,1976,1970,1850,New York
AIG,American International Group,Financials,Multi-line Insurance,"New York City, New York",1980-03-31,1919,1980,1980,1910,New York
AMT,American Tower,Real Estate,Telecom Tower REITs,"Boston, Massachusetts",2007-11-19,1995,2007,2000,1990,Massachusetts
AWK,American Water Works,Utilities,Water Utilities,"Camden, New Jersey",2016-03-04,1886,2016,2010,1880,New Jersey
AMP,Ameriprise Financial,Financials,Asset Management & Custody Banks,"Minneapolis, Minnesota",2005-10-03,1894,2005,2000,1890,Minnesota
AME,Ametek,Industrials,Electrical Components & Equipment,"Berwyn, Pennsylvania",2013-09-23,1930,2013,2010,1930,Pennsylvania
AMGN,Amgen,Health Care,Biotechnology,"Thousand Oaks, California",1992-01-02,1980,1992,1990,1980,California
APH,Amphenol,Information Technology,Electronic Components,"Wallingford, Connecticut",2008-09-30,1932,2008,2000,1930,Connecticut
ADI,Analog Devices,Information Technology,Semiconductors,"Wilmington, Massachusetts",1999-10-12,1965,1999,1990,1960,Massachusetts
AON,Aon plc,Financials,Insurance Brokers,"London, United Kingdom",1996-04-23,,1996,1990,,United Kingdom
APA,APA Corporation,Energy,Oil & Gas Exploration & Production,"Houston, Texas",1997-07-28,1954,1997,1990,1950,Texas
APO,Apollo Global Management,Financials,Asset Management & Custody Banks,"New York City, New York",2024-12-23,1990,2024,2020,1990,New York
AAPL,Apple Inc.,Information Technology,"Technology Hardware, Storage & Peripherals","Cupertino, California",1982-11-30,1977,1982,1980,1970,California
AMAT,Applied Materials,Information Technology,Semiconductor Materials & Equipment,"Santa Clara, California",1995-03-16,1967,1995,1990,1960,California
APP,AppLovin,Information Technology,Application Software,"Palo Alto, California",2025-09-22,2012,2025,2020,2010,California
APTV,Aptiv,Consumer Discretionary,Automotive Parts & Equipment,"Schaffhausen, Switzerland",2012-12-24,1994,2012,2010,1990,Switzerland
ACGL,Arch Capital Group,Financials,Property & Casualty Insurance,"Hamilton, Bermuda",2022-11-01,1995,2022,2020,1990,Bermuda
ADM,Archer Daniels Midland,Consumer Staples,Agricultural Products & Services,"Chicago, Illinois",1957-03-04,1902,1957,1950,1900,Illinois
ARES,Ares Management,Financials,Asset Management & Custody Banks,"Los Angeles, California",2025-12-11,1977,2025,2020,1970,California
ANET,Arista Networks,Information Technology,Communications Equipment,"Santa Clara, California",2018-08-28,2004,2018,2010,2000,California
AJG,Arthur J. Gallagher & Co.,Financials,Insurance Brokers,"Rolling Meadows, Illinois",2016-05-31,1927,2016,2010,1920,Illinois
AIZ,Assurant,Financials,Multi-line Insurance,"Atlanta, Georgia",2007-04-10,1892,2007,2000,1890,Georgia
T,AT&T,Communication Services,Integrated Telecommunication Services,"Dallas, Texas",1983-11-30,,1983,1980,,Texas
ATO,Atmos Energy,Utilities,Gas Utilities,"Dallas, Texas",2019-02-15,1906,2019,2010,1900,Texas
ADSK,Autodesk,Information Technology,Application Software,"San Francisco, California",1989-12-01,1982,1989,1980,1980,California
ADP,Automatic Data Processing,Industrials,Human Resource & Employment Services,"Roseland, New Jersey",1981-03-31,1949,1981,1980,1940,New Jersey
AZO,AutoZone,Consumer Discretionary,Automotive Retail,"Memphis, Tennessee",1997-01-02,1979,1997,1990,1970,Tennessee
AVB,AvalonBay Communities,Real Estate,Multi-Family Residential REITs,"Arlington, Virginia",2007-01-10,1978,2007,2000,1970,Virginia
AVY,Avery Dennison,Materials,Paper & Plastic Packaging Products & Materials,"Mentor, Ohio",1987-12-31,1935,1987,1980,1930,Ohio
AXON,Axon Enterprise,Industrials,Aerospace & Defense,"Scottsdale, Arizona",2023-05-04,1993,2023,2020,1990,Arizona
BKR,Baker Hughes,Energy,Oil & Gas Equipment & Services,"Houston, Texas",2017-07-07,2017,2017,2010,2010,Texas
BALL,Ball Corporation,Materials,"Metal, Glass & Plastic Containers","Broomfield, Colorado",1984-10-31,1880,1984,1980,1880,Colorado
BAC,Bank of America,Financials,Diversified Banks,"Charlotte, North Carolina",1976-06-30,,1976,1970,,North Carolina
BAX,Baxter International,Health Care,Health Care Equipment,"Deerfield, Illinois",1972-09-30,1931,1972,1970,1930,Illinois
BDX,Becton Dickinson,Health Care,Health Care Equipment,"Franklin Lakes, New Jersey",1972-09-30,1897,1972,1970,1890,New Jersey
BRK-B,Berkshire Hathaway,Financials,Multi-Sector Holdings,"Omaha, Nebraska",2010-02-16,1839,2010,2010,1830,Nebraska
BBY,Best Buy,Consumer Discretionary,Computer & Electronics Retail,"Richfield, Minnesota",1999-06-29,1966,1999,1990,1960,Minnesota
TECH,Bio-Techne,Health Care,Life Sciences Tools & Services,"Minneapolis, Minnesota",2021-08-30,1976,2021,2020,1970,Minnesota
BIIB,Biogen,Health Care,Biotechnology,"Cambridge, Massachusetts",2003-11-13,1978,2003,2000,1970,Massachusetts
BLK,BlackRock,Financials,Asset Management & Custody Banks,"New York City, New York",2011-04-04,1988,2011,2010,1980,New York
BX,Blackstone Inc.,Financials,Asset Management & Custody Banks,"New York City, New York",2023-09-18,1985,2023,2020,1980,New York
XYZ,"Block, Inc.",Financials,Transaction & Payment Processing Services,none,2025-07-23,2009,2025,2020,2000,none
BK,BNY Mellon,Financials,Asset Management & Custody Banks,"New York City, New York",1995-03-31,1784,1995,1990,1780,New York
BA,Boeing,Industrials,Aerospace & Defense,"Arlington, Virginia",1957-03-04,1916,1957,1950,1910,Virginia
BKNG,Booking Holdings,Consumer Discretionary,"Hotels, Resorts & Cruise Lines","Norwalk, Connecticut",2009-11-06,1996,2009,2000,1990,Connecticut
BSX,Boston Scientific,Health Care,Health Care Equipment,"Marlborough, Massachusetts",1995-02-24,1979,1995,1990,1970,Massachusetts
BMY,Bristol Myers Squibb,Health Care,Pharmaceuticals,"New York City, New York",1957-03-04,,1957,1950,,New York
AVGO,Broadcom,Information Technology,Semiconductors,"Palo Alto, California",2014-05-08,1961,2014,2010,1960,California
BR,Broadridge Financial Solutions,Industrials,Data Processing & Outsourced Services,"Lake Success, New York",2018-06-18,1962,2018,2010,1960,New York
BRO,Brown & Brown,Financials,Insurance Brokers,"Daytona Beach, Florida",2021-09-20,1939,2021,2020,1930,Florida
BF-B,Brown–Forman,Consumer Staples,Distillers & Vintners,"Louisville, Kentucky",1982-10-31,1870,1982,1980,1870,Kentucky
BLDR,Builders FirstSource,Industrials,Building Products,"Irving, Texas",2023-12-18,1998,2023,2020,1990,Texas
BG,Bunge Global,Consumer Staples,Agricultural Products & Services,"Chesterfield, Missouri",2023-03-15,1818,2023,2020,1810,Missouri
BXP,"BXP, Inc.",Real Estate,Office REITs,"Boston, Massachusetts",2006-04-03,1970,2006,2000,1970,Massachusetts
CHRW,C.H. Robinson,Industrials,Air Freight & Logistics,"Eden Prairie, Minnesota",2007-03-02,1905,2007,2000,1900,Minnesota
CDNS,Cadence Design Systems,Information Technology,Application Software,"San Jose, California",2017-09-18,1988,2017,2010,1980,California
CPT,Camden Property Trust,Real Estate,Multi-Family Residential REITs,"Houston, Texas",2022-04-04,1981,2022,2020,1980,Texas
CPB,Campbell's Company (The),Consumer Staples,Packaged Foods & Meats,"Camden, New Jersey",1957-03-04,1869,1957,1950,1860,New Jersey
COF,Capital One,Financials,Consumer Finance,"Tysons Corner, Virginia",1998-07-01,1994,1998,1990,1990,Virginia
CAH,Cardinal Health,Health Care,Health Care Distributors,"Dublin, Ohio",1997-05-27,1971,1997,1990,1970,Ohio
CCL,Carnival,Consumer Discretionary,"Hotels, Resorts & Cruise Lines","Miami, Florida",1998-12-22,1972,1998,1990,1970,Florida
CARR,Carrier Global,Industrials,Building Products,"Palm Beach Gardens, Florida",2020-04-03,,2020,2020,,Florida
CVNA,Carvana,Consumer Discretionary,Automotive Retail,"Tempe, Arizona",2025-12-22,2012,2025,2020,2010,Arizona
CAT,Caterpillar Inc.,Industrials,Construction Machinery & Heavy Transportation Equipment,"Irving, Texas",1957-03-04,1925,1957,1950,1920,Texas
CBOE,Cboe Global Markets,Financials,Financial Exchanges & Data,"Chicago, Illinois",2017-03-01,1973,2017,2010,1970,Illinois
CBRE,CBRE Group,Real Estate,Real Estate Services,"Dallas, Texas",2006-11-10,1906,2006,2000,1900,Texas
CDW,CDW Corporation,Information Technology,Technology Distributors,"Vernon Hills, Illinois",2019-09-23,1984,2019,2010,1980,Illinois
COR,Cencora,Health Care,Health Care Distributors,"Conshohocken, Pennsylvania",2001-08-30,1985,2001,2000,1980,Pennsylvania
CNC,Centene Corporation,Health Care,Managed Health Care,"St. Louis, Missouri",2016-03-30,1984,2016,2010,1980,Missouri
CNP,CenterPoint Energy,Utilities,Multi-Utilities,"Houston, Texas",1985-07-31,1882,1985,1980,1880,Texas
CF,CF Industries,Materials,Fertilizers & Agricultural Chemicals,"Deerfield, Illinois",2008-08-27,1946,2008,2000,1940,Illinois
CRL,Charles River Laboratories,Health Care,Life Sciences Tools & Services,"Wilmington, Massachusetts",2021-05-14,1947,2021,2020,1940,Massachusetts
SCHW,Charles Schwab Corporation,Financials,Investment Banking & Brokerage,"Westlake, Texas",1997-06-02,1971,1997,1990,1970,Texas
CHTR,Charter Communications,Communication Services,Cable & Satellite,"Stamford, Connecticut",2016-09-08,1993,2016,2010,1990,Connecticut
CVX,Chevron Corporation,Energy,Integrated Oil & Gas,"Houston, Texas",1957-03-04,1879,1957,1950,1870,Texas
CMG,Chipotle Mexican Grill,Consumer Discretionary,Restaurants,"Newport Beach, California",2011-04-28,1993,2011,2010,1990,California
CB,Chubb Limited,Financials,Property & Casualty Insurance,"Zurich, Switzerland",2010-07-15,1985,2010,2010,1980,Switzerland
CHD,Church & Dwight,Consumer Staples,Household Products,"Ewing, New Jersey",2015-12-29,1847,2015,2010,1840,New Jersey
CIEN,Ciena,Information Technology,Communications Equipment,"Hanover, Maryland",2026-02-09,1992,2026,2020,1990,Maryland
CI,Cigna,Health Care,Health Care Services,"Bloomfield, Connecticut",1976-06-30,1982,1976,1970,1980,Connecticut
CINF,Cincinnati Financial,Financials,Property & Casualty Insurance,"Fairfield, Ohio",1997-12-18,1950,1997,1990,1950,Ohio
CTAS,Cintas,Industrials,Diversified Support Services,"Mason, Ohio",2001-03-01,1929,2001,2000,1920,Ohio
CSCO,Cisco,Information Technology,Communications Equipment,"San Jose, California",1993-12-01,1984,1993,1990,1980,California
C,Citigroup,Financials,Diversified Banks,"New York City, New York",1988-05-31,1998,1988,1980,1990,New York
CFG,Citizens Financial Group,Financials,Regional Banks,"Providence, Rhode Island",2016-01-29,1828,2016,2010,1820,Rhode Island
CLX,Clorox,Consumer Staples,Household Products,"Oakland, California",1969-03-31,1913,1969,1960,1910,California
CME,CME Group,Financials,Financial Exchanges & Data,"Chicago, Illinois",2006-08-11,1848,2006,2000,1840,Illinois
CMS,CMS Energy,Utilities,Multi-Utilities,"Jackson, Michigan",1957-03-04,1886,1957,1950,1880,Michigan
KO,Coca-Cola Company (The),Consumer Staples,Soft Drinks & Non-alcoholic Beverages,"Atlanta, Georgia",1957-03-04,1886,1957,1950,1880,Georgia
CTSH,Cognizant,Information Technology,IT Consulting & Other Services,"Teaneck, New Jersey",2006-11-17,1994,2006,2000,1990,New Jersey
COHR,Coherent Corp.,Information Technology,Electronic Components,"Saxonburg, Pennsylvania",2026-03-23,1971,2026,2020,1970,Pennsylvania
COIN,Coinbase,Financials,Financial Exchanges & Data,"New York City, New York",2025-05-19,2012,2025,2020,2010,New York
CL,Colgate-Palmolive,Consumer Staples,Household Products,"New York City, New York",1957-03-04,1806,1957,1950,1800,New York
CMCSA,Comcast,Communication Services,Cable & Satellite,"Philadelphia, Pennsylvania",2002-11-19,1963,2002,2000,1960,Pennsylvania
FIX,Comfort Systems USA,Industrials,Construction & Engineering,"Houston, Texas",2025-12-22,1997,2025,2020,1990,Texas
CAG,Conagra Brands,Consumer Staples,Packaged Foods & Meats,"Chicago, Illinois",1983-08-31,1919,1983,1980,1910,Illinois
COP,ConocoPhillips,Energy,Oil & Gas Exploration & Production,"Houston, Texas",1957-03-04,2002,1957,1950,2000,Texas
ED,Consolidated Edison,Utilities,Multi-Utilities,"New York City, New York",1957-03-04,1823,1957,1950,1820,New York
STZ,Constellation Brands,Consumer Staples,Distillers & Vintners,"Rochester, New York",2005-07-01,1945,2005,2000,1940,New York
CEG,Constellation Energy,Utilities,Electric Utilities,"Baltimore, Maryland",2022-02-02,1999,2022,2020,1990,Maryland
COO,Cooper Companies (The),Health Care,Health Care Supplies,"San Ramon, California",2016-09-23,1958,2016,2010,1950,California
CPRT,Copart,Industrials,Diversified Support Services,"Dallas, Texas",2018-07-02,1982,2018,2010,1980,Texas
GLW,Corning Inc.,Information Technology,Electronic Components,"Corning, New York",1995-02-27,1851,1995,1990,1850,New York
CPAY,Corpay,Financials,Transaction & Payment Processing Services,"Atlanta, Georgia",2018-06-20,2000,2018,2010,2000,Georgia
CTVA,Corteva,Materials,Fertilizers & Agricultural Chemicals,"Indianapolis, Indiana",2019-06-03,2019,2019,2010,2010,Indiana
CSGP,CoStar Group,Real Estate,Real Estate Services,"Washington, D.C.",2022-09-19,1987,2022,2020,1980,D.C.
COST,Costco,Consumer Staples,Consumer Staples Merchandise Retail,"Issaquah, Washington",1993-10-01,1976,1993,1990,1970,Washington
CTRA,Coterra,Energy,Oil & Gas Exploration & Production,"Houston, Texas",2008-06-23,,2008,2000,,Texas
CRH,CRH plc,Materials,Construction Materials,"Dublin, Ireland",2025-12-22,1970,2025,2020,1970,Ireland
CRWD,CrowdStrike,Information Technology,Systems Software,"Austin, Texas",2024-06-24,2011,2024,2020,2010,Texas
CCI,Crown Castle,Real Estate,Telecom Tower REITs,"Houston, Texas",2012-03-14,1994,2012,2010,1990,Texas
CSX,CSX Corporation,Industrials,Rail Transportation,"Jacksonville, Florida",1957-03-04,1980,1957,1950,1980,Florida
CMI,Cummins,Industrials,Construction Machinery & Heavy Transportation Equipment,"Columbus, Indiana",1965-03-31,1919,1965,1960,1910,Indiana
CVS,CVS Health,Health Care,Health Care Services,"Woonsocket, Rhode Island",1957-03-04,1996,1957,1950,1990,Rhode Island
DHR,Danaher Corporation,Health Care,Life Sciences Tools & Services,"Washington, D.C.",1998-11-18,1969,1998,1990,1960,D.C.
DRI,Darden Restaurants,Consumer Discretionary,Restaurants,"Orlando, Florida",1995-05-31,1938,1995,1990,1930,Florida
DDOG,Datadog,Information Technology,Application Software,"New York City, New York",2025-07-09,2010,2025,2020,2010,New York
DVA,DaVita,Health Care,Health Care Services,"Denver, Colorado",2008-07-31,1979,2008,2000,1970,Colorado
DECK,Deckers Brands,Consumer Discretionary,Footwear,"Goleta, California",2024-03-18,1973,2024,2020,1970,California
DE,Deere & Company,Industrials,Agricultural & Farm Machinery,"Moline, Illinois",1957-03-04,1837,1957,1950,1830,Illinois
DELL,Dell Technologies,Information Technology,"Technology Hardware, Storage & Peripherals","Round Rock, Texas",2024-09-23,2016,2024,2020,2010,Texas
DAL,Delta Air Lines,Industrials,Passenger Airlines,"Atlanta, Georgia",2013-09-11,1929,2013,2010,1920,Georgia
DVN,Devon Energy,Energy,Oil & Gas Exploration & Production,"Oklahoma City, Oklahoma",2000-08-30,1971,2000,2000,1970,Oklahoma
DXCM,Dexcom,Health Care,Health Care Equipment,"San Diego, California",2020-05-12,1999,2020,2020,1990,California
FANG,Diamondback Energy,Energy,Oil & Gas Exploration & Production,"Midland, Texas",2018-12-03,2007,2018,2010,2000,Texas
DLR,Digital Realty,Real Estate,Data Center REITs,"Austin, Texas",2016-05-18,2004,2016,2010,2000,Texas
DG,Dollar General,Consumer Staples,Consumer Staples Merchandise Retail,"Goodlettsville, Tennessee",2012-12-03,1939,2012,2010,1930,Tennessee
DLTR,Dollar Tree,Consumer Staples,Consumer Staples Merchandise Retail,"Chesapeake, Virginia",2011-12-19,1986,2011,2010,1980,Virginia
D,Dominion Energy,Utilities,Multi-Utilities,"Richmond, Virginia",2016-11-30,1983,2016,2010,1980,Virginia
DPZ,Domino's,Consumer Discretionary,Restaurants,"Ann Arbor, Michigan",2020-05-12,1960,2020,2020,1960,Michigan
DASH,DoorDash,Consumer Discretionary,Specialized Consumer Services,"San Francisco, California",2025-03-24,2012,2025,2020,2010,California
DOV,Dover Corporation,Industrials,Industrial Machinery & Supplies & Components,"Downers Grove, Illinois",1985-10-31,1955,1985,1980,1950,Illinois
DOW,Dow Inc.,Materials,Commodity Chemicals,"Midland, Michigan",2019-04-01,,2019,2010,,Michigan
DHI,D. R. Horton,Consumer Discretionary,Homebuilding,"Arlington, Texas",2005-06-22,1978,2005,2000,1970,Texas
DTE,DTE Energy,Utilities,Multi-Utilities,"Detroit, Michigan",1957-03-04,1995,1957,1950,1990,Michigan
DUK,Duke Energy,Utilities,Electric Utilities,"Charlotte, North Carolina",1976-06-30,1904,1976,1970,1900,North Carolina
DD,DuPont,Materials,Specialty Chemicals,"Wilmington, Delaware",2019-06-03,,2019,2010,,Delaware
ETN,Eaton Corporation,Industrials,Electrical Components & Equipment,"Dublin, Ireland",1957-03-04,1911,1957,1950,1910,Ireland
EBAY,eBay Inc.,Consumer Discretionary,Broadline Retail,"San Jose, California",2002-07-22,1995,2002,2000,1990,California
SATS,EchoStar,Communication Services,Wireless Telecommunication Services,"Englewood, Colorado",2026-03-23,2008,2026,2020,2000,Colorado
ECL,Ecolab,Materials,Specialty Chemicals,"Saint Paul, Minnesota",1989-01-31,1923,1989,1980,1920,Minnesota
EIX,Edison International,Utilities,Electric Utilities,"Rosemead, California",1957-03-04,1886,1957,1950,1880,California
EW,Edwards Lifesciences,Health Care,Health Care Equipment,"Irvine, California",2011-04-01,1958,2011,2010,1950,California
EA,Electronic Arts,Communication Services,Interactive Home Entertainment,"Redwood City, California",2002-07-22,1982,2002,2000,1980,California
ELV,Elevance Health,Health Care,Managed Health Care,"Indianapolis, Indiana",2002-07-25,,2002,2000,,Indiana
EME,Emcor,Industrials,Construction & Engineering,"Norwalk, Connecticut",2025-09-22,1994,2025,2020,1990,Connecticut
EMR,Emerson Electric,Industrials,Electrical Components & Equipment,"Ferguson, Missouri",1965-03-31,1890,1965,1960,1890,Missouri
ETR,Entergy,Utilities,Electric Utilities,"New Orleans, Louisiana",1957-03-04,1913,1957,1950,1910,Louisiana
EOG,EOG Resources,Energy,Oil & Gas Exploration & Production,"Houston, Texas",2000-11-02,1999,2000,2000,1990,Texas
EPAM,EPAM Systems,Information Technology,IT Consulting & Other Services,"Newtown, Pennsylvania",2021-12-14,1993,2021,2020,1990,Pennsylvania
EQT,EQT Corporation,Energy,Oil & Gas Exploration & Production,"Pittsburgh, Pennsylvania",2022-10-03,1888,2022,2020,1880,Pennsylvania
EFX,Equifax,Industrials,Research & Consulting Services,"Atlanta, Georgia",1997-06-19,1899,1997,1990,1890,Georgia
EQIX,Equinix,Real Estate,Data Center REITs,"Redwood City, California",2015-03-20,1998,2015,2010,1990,California
EQR,Equity Residential,Real Estate,Multi-Family Residential REITs,"Chicago, Illinois",2001-12-03,1969,2001,2000,1960,Illinois
ERIE,Erie Indemnity,Financials,Insurance Brokers,"Erie, Pennsylvania",2024-09-23,1925,2024,2020,1920,Pennsylvania
ESS,Essex Property Trust,Real Estate,Multi-Family Residential REITs,"San Mateo, California",2014-04-02,1971,2014,2010,1970,California
EL,Estée Lauder Companies (The),Consumer Staples,Personal Care Products,"New York City, New York",2006-01-05,1946,2006,2000,1940,New York
EG,Everest Group,Financials,Reinsurance,"Hamilton, Bermuda",2017-06-19,1973,2017,2010,1970,Bermuda
EVRG,Evergy,Utilities,Electric Utilities,"Kansas City, Missouri",2018-06-05,1909,2018,2010,1900,Missouri
ES,Eversource Energy,Utilities,Electric Utilities,"Hartford, Connecticut",2009-07-24,1966,2009,2000,1960,Connecticut
EXC,Exelon,Utilities,Electric Utilities,"Chicago, Illinois",1957-03-04,2000,1957,1950,2000,Illinois
EXE,Expand Energy,Energy,Oil & Gas Exploration & Production,"Oklahoma City, Oklahoma",2025-03-24,1989,2025,2020,1980,Oklahoma
EXPE,Expedia Group,Consumer Discretionary,"Hotels, Resorts & Cruise Lines","Seattle, Washington",2007-10-02,1996,2007,2000,1990,Washington
EXPD,Expeditors International,Industrials,Air Freight & Logistics,"Seattle, Washington",2007-10-10,1979,2007,2000,1970,Washington
EXR,Extra Space Storage,Real Estate,Self-Storage REITs,"Salt Lake City, Utah",2016-01-19,1977,2016,2010,1970,Utah
XOM,ExxonMobil,Energy,Integrated Oil & Gas,"Irving, Texas",1957-03-04,1999,1957,1950,1990,Texas
FFIV,"F5, Inc.",Information Technology,Communications Equipment,"Seattle, Washington",2010-12-20,1996,2010,2010,1990,Washington
FDS,FactSet,Financials,Financial Exchanges & Data,"Norwalk, Connecticut",2021-12-20,1978,2021,2020,1970,Connecticut
FICO,Fair Isaac,Information Technology,Application Software,"Bozeman, Montana",2023-03-20,1956,2023,2020,1950,Montana
FAST,Fastenal,Industrials,Trading Companies & Distributors,"Winona, Minnesota",2008-09-15,1967,2008,2000,1960,Minnesota
FRT,Federal Realty Investment Trust,Real Estate,Retail REITs,"Rockville, Maryland",2016-02-01,1962,2016,2010,1960,Maryland
FDX,FedEx,Industrials,Air Freight & Logistics,"Memphis, Tennessee",1980-12-31,1971,1980,1980,1970,Tennessee
FIS,Fidelity National Information Services,Financials,Transaction & Payment Processing Services,"Jacksonville, Florida",2006-11-10,1968,2006,2000,1960,Florida
FITB,Fifth Third Bancorp,Financials,Regional Banks,"Cincinnati, Ohio",1996-03-29,1858,1996,1990,1850,Ohio
FSLR,First Solar,Information Technology,Semiconductors,"Tempe, Arizona",2022-12-19,1999,2022,2020,1990,Arizona
FE,FirstEnergy,Utilities,Electric Utilities,"Akron, Ohio",1997-11-28,1997,1997,1990,1990,Ohio
FISV,Fiserv,Financials,Transaction & Payment Processing Services,"Brookfield, Wisconsin",2001-04-02,1984,2001,2000,1980,Wisconsin
F,Ford Motor Company,Consumer Discretionary,Automobile Manufacturers,"Dearborn, Michigan",1957-03-04,1903,1957,1950,1900,Michigan
FTNT,Fortinet,Information Technology,Systems Software,"Sunnyvale, California",2018-10-11,2000,2018,2010,2000,California
FTV,Fortive,Industrials,Industrial Machinery & Supplies & Components,"Everett, Washington",2016-07-01,2016,2016,2010,2010,Washington
FOXA,Fox Corporation (Class A),Communication Services,Broadcasting,"New York City, New York",2019-03-19,2019,2019,2010,2010,New York
FOX,Fox Corporation (Class B),Communication Services,Broadcasting,"New York City, New York",2019-03-19,2019,2019,2010,2010,New York
BEN,Franklin Resources,Financials,Asset Management & Custody Banks,"San Mateo, California",1998-04-30,1947,1998,1990,1940,California
FCX,Freeport-McMoRan,Materials,Copper,"Phoenix, Arizona",2011-07-01,1912,2011,2010,1910,Arizona
GRMN,Garmin,Consumer Discretionary,Consumer Electronics,"Schaffhausen, Switzerland",2012-12-12,1989,2012,2010,1980,Switzerland
IT,Gartner,Information Technology,IT Consulting & Other Services,"Stamford, Connecticut",2017-04-05,1979,2017,2010,1970,Connecticut
GE,GE Aerospace,Industrials,Aerospace & Defense,"Evendale, Ohio",1957-03-04,1892,1957,1950,1890,Ohio
GEHC,GE HealthCare,Health Care,Health Care Equipment,"Chicago, Illinois",2023-01-04,1994,2023,2020,1990,Illinois
GEV,GE Vernova,Industrials,Heavy Electrical Equipment,"Cambridge, Massachusetts",2024-04-02,2024,2024,2020,2020,Massachusetts
GEN,Gen Digital,Information Technology,Systems Software,"Tempe, Arizona",2003-03-25,1982,2003,2000,1980,Arizona
GNRC,Generac,Industrials,Electrical Components & Equipment,"Waukesha, Wisconsin",2021-03-22,1959,2021,2020,1950,Wisconsin
GD,General Dynamics,Industrials,Aerospace & Defense,"Reston, Virginia",1957-03-04,1899,1957,1950,1890,Virginia
GIS,General Mills,Consumer Staples,Packaged Foods & Meats,"Golden Valley, Minnesota",1957-03-04,1856,1957,1950,1850,Minnesota
GM,General Motors,Consumer Discretionary,Automobile Manufacturers,"Detroit, Michigan",2013-06-06,1908,2013,2010,1900,Michigan
GPC,Genuine Parts Company,Consumer Discretionary,Distributors,"Atlanta, Georgia",1973-12-31,1925,1973,1970,1920,Georgia
GILD,Gilead Sciences,Health Care,Biotechnology,"Foster City, California",2004-07-01,1987,2004,2000,1980,California
GPN,Global Payments,Financials,Transaction & Payment Processing Services,"Atlanta, Georgia",2016-04-25,2000,2016,2010,2000,Georgia
GL,Globe Life,Financials,Life & Health Insurance,"McKinney, Texas",1989-04-30,1900,1989,1980,1900,Texas
GDDY,GoDaddy,Information Technology,Internet Services & Infrastructure,"Tempe, Arizona",2024-06-24,1997,2024,2020,1990,Arizona
GS,Goldman Sachs,Financials,Investment Banking & Brokerage,"New York City, New York",2002-07-22,1869,2002,2000,1860,New York
HAL,Halliburton,Energy,Oil & Gas Equipment & Services,"Houston, Texas",1957-03-04,1919,1957,1950,1910,Texas
HIG,Hartford (The),Financials,Property & Casualty Insurance,"Hartford, Connecticut",1957-03-04,1810,1957,1950,1810,Connecticut
HAS,Hasbro,Consumer Discretionary,Leisure Products,"Pawtucket, Rhode Island",1984-09-30,1923,1984,1980,1920,Rhode Island
HCA,HCA Healthcare,Health Care,Health Care Facilities,"Nashville, Tennessee",2015-01-27,1968,2015,2010,1960,Tennessee
DOC,Healthpeak Properties,Real Estate,Health Care REITs,"Denver, Colorado",2008-03-31,1985,2008,2000,1980,Colorado
HSIC,Henry Schein,Health Care,Health Care Distributors,"Melville, New York",2015-03-17,1932,2015,2010,1930,New York
HSY,Hershey Company (The),Consumer Staples,Packaged Foods & Meats,"Hershey, Pennsylvania",1957-03-04,1894,1957,1950,1890,Pennsylvania
HPE,Hewlett Packard Enterprise,Information Technology,"Technology Hardware, Storage & Peripherals","Houston, Texas",2015-11-02,2015,2015,2010,2010,Texas
HLT,Hilton Worldwide,Consumer Discretionary,"Hotels, Resorts & Cruise Lines","Tysons Corner, Virginia",2017-06-19,1919,2017,2010,1910,Virginia
HOLX,Hologic,Health Care,Health Care Equipment,"Marlborough, Massachusetts",2016-03-30,1985,2016,2010,1980,Massachusetts
HD,Home Depot (The),Consumer Discretionary,Home Improvement Retail,"Atlanta, Georgia",1988-03-31,1978,1988,1980,1970,Georgia
HON,Honeywell,Industrials,Industrial Conglomerates,"Charlotte, North Carolina",1957-03-04,1906,1957,1950,1900,North Carolina
HRL,Hormel Foods,Consumer Staples,Packaged Foods & Meats,"Austin, Minnesota",2009-03-04,1891,2009,2000,1890,Minnesota
HST,Host Hotels & Resorts,Real Estate,Hotel & Resort REITs,"Bethesda, Maryland",2007-03-20,1993,2007,2000,1990,Maryland
HWM,Howmet Aerospace,Industrials,Aerospace & Defense,"Pittsburgh, Pennsylvania",2016-10-21,1888,2016,2010,1880,Pennsylvania
HPQ,HP Inc.,Information Technology,"Technology Hardware, Storage & Peripherals","Palo Alto, California",1974-12-31,,1974,1970,,California
HUBB,Hubbell Incorporated,Industrials,Industrial Machinery & Supplies & Components,"Shelton, Connecticut",2023-10-18,1888,2023,2020,1880,Connecticut
HUM,Humana,Health Care,Managed Health Care,"Louisville, Kentucky",2012-12-10,1961,2012,2010,1960,Kentucky
HBAN,Huntington Bancshares,Financials,Regional Banks,"Columbus, Ohio; Detroit, Michigan",1997-08-28,1866,1997,1990,1860,Michigan
HII,Huntington Ingalls Industries,Industrials,Aerospace & Defense,"Newport News, Virginia",2018-01-03,2011,2018,2010,2010,Virginia
IBM,IBM,Information Technology,IT Consulting & Other Services,"Armonk, New York",1957-03-04,1911,1957,1950,1910,New York
IEX,IDEX Corporation,Industrials,Industrial Machinery & Supplies & Components,"Northbrook, Illinois",2019-08-09,1988,2019,2010,1980,Illinois
IDXX,Idexx Laboratories,Health Care,Health Care Equipment,"Westbrook, Maine",2017-01-05,1983,2017,2010,1980,Maine
ITW,Illinois Tool Works,Industrials,Industrial Machinery & Supplies & Components,"Glenview, Illinois",1986-02-28,1912,1986,1980,1910,Illinois
INCY,Incyte,Health Care,Biotechnology,"Wilmington, Delaware",2017-02-28,1991,2017,2010,1990,Delaware
IR,Ingersoll Rand,Industrials,Industrial Machinery & Supplies & Components,"Davidson, North Carolina",2020-03-03,1859,2020,2020,1850,North Carolina
PODD,Insulet Corporation,Health Care,Health Care Equipment,"Acton, Massachusetts",2023-03-15,2000,2023,2020,2000,Massachusetts
INTC,Intel,Information Technology,Semiconductors,"Santa Clara, California",1976-12-31,1968,1976,1970,1960,California
IBKR,Interactive Brokers,Financials,Investment Banking & Brokerage,"Greenwich, Connecticut",2025-08-28,1977,2025,2020,1970,Connecticut
ICE,Intercontinental Exchange,Financials,Financial Exchanges & Data,"Atlanta, Georgia",2007-09-26,2000,2007,2000,2000,Georgia
IFF,International Flavors & Fragrances,Materials,Specialty Chemicals,"New York City, New York",1976-03-31,,1976,1970,,New York
IP,International Paper,Materials,Paper & Plastic Packaging Products & Materials,"Memphis, Tennessee",1957-03-04,1898,1957,1950,1890,Tennessee
INTU,Intuit,Information Technology,Application Software,"Mountain View, California",2000-12-05,1983,2000,2000,1980,California
ISRG,Intuitive Surgical,Health Care,Health Care Equipment,"Sunnyvale, California",2008-06-02,1995,2008,2000,1990,California
IVZ,Invesco,Financials,Asset Management & Custody Banks,"Atlanta, Georgia",2008-08-21,1935,2008,2000,1930,Georgia
INVH,Invitation Homes,Real Estate,Single-Family Residential REITs,"Dallas, Texas",2022-09-19,2012,2022,2020,2010,Texas
IQV,IQVIA,Health Care,Life Sciences Tools & Services,"Durham, North Carolina",2017-08-29,1982,2017,2010,1980,North Carolina
IRM,Iron Mountain,Real Estate,Other Specialized REITs,"Portsmouth, New Hampshire",2009-01-06,1951,2009,2000,1950,New Hampshire
JBHT,J.B. Hunt,Industrials,Cargo Ground Transportation,"Lowell, Arkansas",2015-07-01,1961,2015,2010,1960,Arkansas
JBL,Jabil,Information Technology,Electronic Manufacturing Services,"St. Petersburg, Florida",2023-12-18,1966,2023,2020,1960,Florida
JKHY,Jack Henry & Associates,Financials,Transaction & Payment Processing Services,"Monett, Missouri",2018-11-13,1976,2018,2010,1970,Missouri
J,Jacobs Solutions,Industrials,Construction & Engineering,"Dallas, Texas",2007-10-26,1947,2007,2000,1940,Texas
JNJ,Johnson & Johnson,Health Care,Pharmaceuticals,"New Brunswick, New Jersey",1973-06-30,1886,1973,1970,1880,New Jersey
JCI,Johnson Controls,Industrials,Building Products,"Cork, Ireland",2010-08-27,1885,2010,2010,1880,Ireland
JPM,JPMorgan Chase,Financials,Diversified Banks,"New York City, New York",1975-06-30,,1975,1970,,New York
KVUE,Kenvue,Consumer Staples,Personal Care Products,"Skillman, New Jersey",2023-08-25,,2023,2020,,New Jersey
KDP,Keurig Dr Pepper,Consumer Staples,Soft Drinks & Non-alcoholic Beverages,"Burlington, Massachusetts",2022-06-21,1981,2022,2020,1980,Massachusetts
KEY,KeyCorp,Financials,Regional Banks,"Cleveland, Ohio",1994-03-01,1825,1994,1990,1820,Ohio
KEYS,Keysight Technologies,Information Technology,Electronic Equipment & Instruments,"Santa Rosa, California",2018-11-06,,2018,2010,,California
KMB,Kimberly-Clark,Consumer Staples,Household Products,"Irving, Texas",1957-03-04,1872,1957,1950,1870,Texas
KIM,Kimco Realty,Real Estate,Retail REITs,"Jericho, New York",2006-04-04,1958,2006,2000,1950,New York
KMI,Kinder Morgan,Energy,Oil & Gas Storage & Transportation,"Houston, Texas",2012-05-25,1997,2012,2010,1990,Texas
KKR,KKR & Co.,Financials,Asset Management & Custody Banks,"New York City, New York",2024-06-24,1976,2024,2020,1970,New York
KLAC,KLA Corporation,Information Technology,Semiconductor Materials & Equipment,"Milpitas, California",1997-09-30,,1997,1990,,California
KHC,Kraft Heinz,Consumer Staples,Packaged Foods & Meats,"Chicago, Illinois; Pittsburgh, Pennsylvania",2015-07-06,,2015,2010,,Pennsylvania
KR,Kroger,Consumer Staples,Food Retail,"Cincinnati, Ohio",1957-03-04,1883,1957,1950,1880,Ohio
LHX,L3Harris,Industrials,Aerospace & Defense,"Melbourne, Florida",2008-09-22,,2008,2000,,Florida
LH,Labcorp,Health Care,Health Care Services,"Burlington, North Carolina",2004-11-01,1978,2004,2000,1970,North Carolina
LRCX,Lam Research,Information Technology,Semiconductor Materials & Equipment,"Fremont, California",2012-06-29,1980,2012,2010,1980,California
LVS,Las Vegas Sands,Consumer Discretionary,Casinos & Gaming,"Las Vegas, Nevada",2019-10-03,1988,2019,2010,1980,Nevada
LDOS,Leidos,Industrials,Diversified Support Services,"Reston, Virginia",2019-08-09,1969,2019,2010,1960,Virginia
LEN,Lennar,Consumer Discretionary,Homebuilding,"Miami, Florida",2005-10-04,1954,2005,2000,1950,Florida
LII,Lennox International,Industrials,Building Products,"Richardson, Texas",2024-12-23,1895,2024,2020,1890,Texas
LLY,Lilly (Eli),Health Care,Pharmaceuticals,"Indianapolis, Indiana",1970-12-31,1876,1970,1970,1870,Indiana
LIN,Linde plc,Materials,Industrial Gases,"Guildford, United Kingdom",1992-07-01,1879,1992,1990,1870,United Kingdom
LYV,Live Nation Entertainment,Communication Services,Movies & Entertainment,"Beverly Hills, California",2019-12-23,2010,2019,2010,2010,California
LMT,Lockheed Martin,Industrials,Aerospace & Defense,"Bethesda, Maryland",1957-03-04,1995,1957,1950,1990,Maryland
L,Loews Corporation,Financials,Multi-line Insurance,"New York City, New York",1995-05-31,1959,1995,1990,1950,New York
LOW,Lowe's,Consumer Discretionary,Home Improvement Retail,"Mooresville, North Carolina",1984-02-29,,1984,1980,,North Carolina
LULU,Lululemon Athletica,Consumer Discretionary,"Apparel, Accessories & Luxury Goods","Vancouver, Canada",2023-10-18,1998,2023,2020,1990,Canada
LITE,Lumentum,Information Technology,Communications Equipment,"San Jose, California",2026-03-23,2015,2026,2020,2010,California
LYB,LyondellBasell,Materials,Specialty Chemicals,"Rotterdam, Netherlands",2012-09-05,2007,2012,2010,2000,Netherlands
MTB,M&T Bank,Financials,Regional Banks,"Buffalo, New York",2004-02-23,1856,2004,2000,1850,New York
MPC,Marathon Petroleum,Energy,Oil & Gas Refining & Marketing,"Findlay, Ohio",2011-07-01,,2011,2010,,Ohio
MAR,Marriott International,Consumer Discretionary,"Hotels, Resorts & Cruise Lines","Bethesda, Maryland",1998-05-29,1927,1998,1990,1920,Maryland
MRSH,Marsh McLennan,Financials,Insurance Brokers,"New York City, New York",1987-08-31,1905,1987,1980,1900,New York
MLM,Martin Marietta Materials,Materials,Construction Materials,"Raleigh, North Carolina",2014-07-02,1993,2014,2010,1990,North Carolina
MAS,Masco,Industrials,Building Products,"Livonia, Michigan",1981-06-30,1929,1981,1980,1920,Michigan
MA,Mastercard,Financials,Transaction & Payment Processing Services,"Harrison, New York",2008-07-18,1966,2008,2000,1960,New York
MKC,McCormick & Company,Consumer Staples,Packaged Foods & Meats,"Hunt Valley, Maryland",2003-03-20,1889,2003,2000,1880,Maryland
MCD,McDonald's,Consumer Discretionary,Restaurants,"Chicago, Illinois",1970-06-30,1940,1970,1970,1940,Illinois
MCK,McKesson Corporation,Health Care,Health Care Distributors,"Irving, Texas",1999-01-13,1833,1999,1990,1830,Texas
MDT,Medtronic,Health Care,Health Care Equipment,"Galway, Ireland",1986-10-31,1949,1986,1980,1940,Ireland
MRK,Merck & Co.,Health Care,Pharmaceuticals,"Kenilworth, New Jersey",1957-03-04,1891,1957,1950,1890,New Jersey
META,Meta Platforms,Communication Services,Interactive Media & Services,"Menlo Park, California",2013-12-23,2004,2013,2010,2000,California
MET,MetLife,Financials,Life & Health Insurance,"New York City, New York",2000-12-11,1868,2000,2000,1860,New York
MTD,Mettler Toledo,Health Care,Life Sciences Tools & Services,"Columbus, Ohio",2016-09-06,1945,2016,2010,1940,Ohio
MGM,MGM Resorts,Consumer Discretionary,Casinos & Gaming,"Paradise, Nevada",2017-07-26,1986,2017,2010,1980,Nevada
MCHP,Microchip Technology,Information Technology,Semiconductors,"Chandler, Arizona",2007-09-07,1989,2007,2000,1980,Arizona
MU,Micron Technology,Information Technology,Semiconductors,"Boise, Idaho",1994-09-27,1978,1994,1990,1970,Idaho
MSFT,Microsoft,Information Technology,Systems Software,"Redmond, Washington",1994-06-01,1975,1994,1990,1970,Washington
MAA,Mid-America Apartment Communities,Real Estate,Multi-Family Residential REITs,"Memphis, Tennessee",2016-12-02,1977,2016,2010,1970,Tennessee
MRNA,Moderna,Health Care,Biotechnology,"Cambridge, Massachusetts",2021-07-21,2010,2021,2020,2010,Massachusetts
TAP,Molson Coors Beverage Company,Consumer Staples,Brewers,"Chicago, Illinois",1976-06-30,,1976,1970,,Illinois
MDLZ,Mondelez International,Consumer Staples,Packaged Foods & Meats,"Chicago, Illinois",2012-10-02,2012,2012,2010,2010,Illinois
MPWR,Monolithic Power Systems,Information Technology,Semiconductors,"Kirkland, Washington",2021-02-12,1997,2021,2020,1990,Washington
MNST,Monster Beverage,Consumer Staples,Soft Drinks & Non-alcoholic Beverages,"Corona, California",2012-06-28,,2012,2010,,California
MCO,Moody's Corporation,Financials,Financial Exchanges & Data,"New York City, New York",1998-07-01,1909,1998,1990,1900,New York
MS,Morgan Stanley,Financials,Investment Banking & Brokerage,"New York City, New York",1993-07-29,1935,1993,1990,1930,New York
MOS,Mosaic Company (The),Materials,Fertilizers & Agricultural Chemicals,"Tampa, Florida",2011-09-26,,2011,2010,,Florida
MSI,Motorola Solutions,Information Technology,Communications Equipment,"Chicago, Illinois",1957-03-04,,1957,1950,,Illinois
MSCI,MSCI Inc.,Financials,Financial Exchanges & Data,"New York City, New York",2018-04-04,1969,2018,2010,1960,New York
NDAQ,"Nasdaq, Inc.",Financials,Financial Exchanges & Data,"New York City, New York",2008-10-22,1971,2008,2000,1970,New York
NTAP,NetApp,Information Technology,"Technology Hardware, Storage & Peripherals","San Jose, California",1999-06-25,1992,1999,1990,1990,California
NFLX,Netflix,Communication Services,Movies & Entertainment,"Los Gatos, California",2010-12-20,1997,2010,2010,1990,California
NEM,Newmont,Materials,Gold,"Denver, Colorado",1969-06-30,1921,1969,1960,1920,Colorado
NWSA,News Corp (Class A),Communication Services,Publishing,"New York City, New York",2013-08-01,,2013,2010,,New York
NWS,News Corp (Class B),Communication Services,Publishing,"New York City, New York",2015-09-18,,2015,2010,,New York
NEE,NextEra Energy,Utilities,Multi-Utilities,"Juno Beach, Florida",1976-06-30,,1976,1970,,Florida
NKE,"Nike, Inc.",Consumer Discretionary,"Apparel, Accessories & Luxury Goods","Washington County, Oregon",1988-11-30,1964,1988,1980,1960,Oregon
NI,NiSource,Utilities,Multi-Utilities,"Merrillville, Indiana",2000-11-02,1912,2000,2000,1910,Indiana
NDSN,Nordson Corporation,Industrials,Industrial Machinery & Supplies & Components,"Westlake, Ohio",2022-02-15,1935,2022,2020,1930,Ohio
NSC,Norfolk Southern,Industrials,Rail Transportation,"Atlanta, Georgia",1957-03-04,,1957,1950,,Georgia
NTRS,Northern Trust,Financials,Asset Management & Custody Banks,"Chicago, Illinois",1998-01-30,1889,1998,1990,1880,Illinois
NOC,Northrop Grumman,Industrials,Aerospace & Defense,"West Falls Church, Virginia[3]",1957-03-04,,1957,1950,,Virginia[3]
NCLH,Norwegian Cruise Line Holdings,Consumer Discretionary,"Hotels, Resorts & Cruise Lines","Miami-Dade County, Florida[4]",2017-10-13,,2017,2010,,Florida[4]
NRG,NRG Energy,Utilities,Independent Power Producers & Energy Traders,"Houston, Texas",2010-01-29,1992,2010,2010,1990,Texas
NUE,Nucor,Materials,Steel,"Charlotte, North Carolina",1985-04-30,1940,1985,1980,1940,North Carolina
NVDA,Nvidia,Information Technology,Semiconductors,"Santa Clara, California",2001-11-30,1993,2001,2000,1990,California
NVR,"NVR, Inc.",Consumer Discretionary,Homebuilding,"Reston, Virginia",2019-09-26,1980,2019,2010,1980,Virginia
NXPI,NXP Semiconductors,Information Technology,Semiconductors,"Eindhoven, Netherlands",2021-03-22,1953,2021,2020,1950,Netherlands
ORLY,O’Reilly Automotive,Consumer Discretionary,Automotive Retail,"Springfield, Missouri",2009-03-27,1957,2009,2000,1950,Missouri
OXY,Occidental Petroleum,Energy,Oil & Gas Exploration & Production,"Houston, Texas",1957-03-04,1920,1957,1950,1920,Texas
ODFL,Old Dominion,Industrials,Cargo Ground Transportation,"Thomasville, North Carolina",2019-12-09,1934,2019,2010,1930,North Carolina
OMC,Omnicom Group,Communication Services,Advertising,"New York City, New York",1997-12-31,1986,1997,1990,1980,New York
ON,ON Semiconductor,Information Technology,Semiconductors,"Phoenix, Arizona",2022-06-21,1999,2022,2020,1990,Arizona
OKE,Oneok,Energy,Oil & Gas Storage & Transportation,"Tulsa, Oklahoma",2010-03-15,1906,2010,2010,1900,Oklahoma
ORCL,Oracle Corporation,Information Technology,Application Software,"Austin, Texas",1989-08-31,1977,1989,1980,1970,Texas
OTIS,Otis Worldwide,Industrials,Industrial Machinery & Supplies & Components,"Farmington, Connecticut",2020-04-03,,2020,2020,,Connecticut
PCAR,Paccar,Industrials,Construction Machinery & Heavy Transportation Equipment,"Bellevue, Washington",1980-12-31,1905,1980,1980,1900,Washington
PKG,Packaging Corporation of America,Materials,Paper & Plastic Packaging Products & Materials,"Lake Forest, Illinois",2017-07-26,1959,2017,2010,1950,Illinois
PLTR,Palantir Technologies,Information Technology,Application Software,"Aventura, Florida",2024-09-23,2003,2024,2020,2000,Florida
PANW,Palo Alto Networks,Information Technology,Systems Software,"Santa Clara, California",2023-06-20,2005,2023,2020,2000,California
PSKY,Paramount Skydance Corporation,Communication Services,Movies & Entertainment,"Los Angeles, California",1994-09-30,,1994,1990,,California
PH,Parker Hannifin,Industrials,Industrial Machinery & Supplies & Components,"Cleveland, Ohio",1985-11-30,1917,1985,1980,1910,Ohio
PAYX,Paychex,Industrials,Human Resource & Employment Services,"Penfield, New York",1998-10-01,1971,1998,1990,1970,New York
PYPL,PayPal,Financials,Transaction & Payment Processing Services,"San Jose, California",2015-07-20,1998,2015,2010,1990,California
PNR,Pentair,Industrials,Industrial Machinery & Supplies & Components,"Worsley, United Kingdom",2012-10-01,1966,2012,2010,1960,United Kingdom
PEP,PepsiCo,Consumer Staples,Soft Drinks & Non-alcoholic Beverages,"Purchase, New York",1957-03-04,1898,1957,1950,1890,New York
PFE,Pfizer,Health Care,Pharmaceuticals,"New York City, New York",1957-03-04,1849,1957,1950,1840,New York
PCG,PG&E Corporation,Utilities,Multi-Utilities,"Oakland, California",2022-10-03,1905,2022,2020,1900,California
PM,Philip Morris International,Consumer Staples,Tobacco,"New York City, New York",2008-03-31,,2008,2000,,New York
PSX,Phillips 66,Energy,Oil & Gas Refining & Marketing,"Houston, Texas",2012-05-01,,2012,2010,,Texas
PNW,Pinnacle West Capital,Utilities,Multi-Utilities,"Phoenix, Arizona",1999-10-04,1985,1999,1990,1980,Arizona
PNC,PNC Financial Services,Financials,Diversified Banks,"Pittsburgh, Pennsylvania",1988-04-30,1845,1988,1980,1840,Pennsylvania
POOL,Pool Corporation,Consumer Discretionary,Distributors,"Covington, Louisiana",2020-10-07,1993,2020,2020,1990,Louisiana
PPG,PPG Industries,Materials,Specialty Chemicals,"Pittsburgh, Pennsylvania",1957-03-04,1883,1957,1950,1880,Pennsylvania
PPL,PPL Corporation,Utilities,Electric Utilities,"Allentown, Pennsylvania",2001-10-01,1920,2001,2000,1920,Pennsylvania
PFG,Principal Financial Group,Financials,Life & Health Insurance,"Des Moines, Iowa",2002-07-22,1879,2002,2000,1870,Iowa
PG,Procter & Gamble,Consumer Staples,Personal Care Products,"Cincinnati, Ohio",1957-03-04,1837,1957,1950,1830,Ohio
PGR,Progressive Corporation,Financials,Property & Casualty Insurance,"Mayfield Village, Ohio",1997-08-04,1937,1997,1990,1930,Ohio
PLD,Prologis,Real Estate,Industrial REITs,"San Francisco, California",2003-07-17,1983,2003,2000,1980,California
PRU,Prudential Financial,Financials,Life & Health Insurance,"Newark, New Jersey",2002-07-22,1875,2002,2000,1870,New Jersey
PEG,Public Service Enterprise Group,Utilities,Electric Utilities,"Newark, New Jersey",1957-03-04,1903,1957,1950,1900,New Jersey
PTC,PTC Inc.,Information Technology,Application Software,"Boston, Massachusetts",2021-04-20,1985,2021,2020,1980,Massachusetts
PSA,Public Storage,Real Estate,Self-Storage REITs,"Glendale, California",2005-08-19,1972,2005,2000,1970,California
PHM,PulteGroup,Consumer Discretionary,Homebuilding,"Atlanta, Georgia",1984-04-30,1956,1984,1980,1950,Georgia
PWR,Quanta Services,Industrials,Construction & Engineering,"Houston, Texas",2009-07-01,1997,2009,2000,1990,Texas
QCOM,Qualcomm,Information Technology,Semiconductors,"San Diego, California",1999-07-22,1985,1999,1990,1980,California
DGX,Quest Diagnostics,Health Care,Health Care Services,"Secaucus, New Jersey",2002-12-12,1967,2002,2000,1960,New Jersey
Q,Qnity Electronics,Information Technology,Semiconductor Materials & Equipment,"Wilmington, Delaware",2025-11-03,2025,2025,2020,2020,Delaware
RL,Ralph Lauren Corporation,Consumer Discretionary,"Apparel, Accessories & Luxury Goods","New York City, New York",2007-02-02,1967,2007,2000,1960,New York
RJF,Raymond James Financial,Financials,Investment Banking & Brokerage,"St. Petersburg, Florida",2017-03-20,1962,2017,2010,1960,Florida
RTX,RTX Corporation,Industrials,Aerospace & Defense,"Waltham, Massachusetts",1957-03-04,1922,1957,1950,1920,Massachusetts
O,Realty Income,Real Estate,Retail REITs,"San Diego, California",2015-04-07,1969,2015,2010,1960,California
REG,Regency Centers,Real Estate,Retail REITs,"Jacksonville, Florida",2017-03-02,1963,2017,2010,1960,Florida
REGN,Regeneron Pharmaceuticals,Health Care,Biotechnology,"Tarrytown, New York",2013-05-01,1988,2013,2010,1980,New York
RF,Regions Financial Corporation,Financials,Regional Banks,"Birmingham, Alabama",1998-08-28,1971,1998,1990,1970,Alabama
RSG,Republic Services,Industrials,Environmental & Facilities Services,"Phoenix, Arizona",2008-12-05,,2008,2000,,Arizona
RMD,ResMed,Health Care,Health Care Equipment,"San Diego, California",2017-07-26,1989,2017,2010,1980,California
RVTY,Revvity,Health Care,Health Care Equipment,"Waltham, Massachusetts",1985-05-31,1937,1985,1980,1930,Massachusetts
HOOD,Robinhood Markets,Financials,Investment Banking & Brokerage,"Menlo Park, California",2025-09-22,2013,2025,2020,2010,California
ROK,Rockwell Automation,Industrials,Electrical Components & Equipment,"Milwaukee, Wisconsin",2000-03-12,1903,2000,2000,1900,Wisconsin
ROL,"Rollins, Inc.",Industrials,Environmental & Facilities Services,"Atlanta, Georgia",2018-10-01,1948,2018,2010,1940,Georgia
ROP,Roper Technologies,Information Technology,Electronic Equipment & Instruments,"Sarasota, Florida",2009-12-23,1981,2009,2000,1980,Florida
ROST,Ross Stores,Consumer Discretionary,Apparel Retail,"Dublin, California",2009-12-21,1982,2009,2000,1980,California
RCL,Royal Caribbean Group,Consumer Discretionary,"Hotels, Resorts & Cruise Lines","Miami, Florida",2014-12-05,1997,2014,2010,1990,Florida
SPGI,S&P Global,Financials,Financial Exchanges & Data,"New York City, New York",1957-03-04,1917,1957,1950,1910,New York
CRM,Salesforce,Information Technology,Application Software,"San Francisco, California",2008-09-15,1999,2008,2000,1990,California
SNDK,Sandisk,Information Technology,"Technology Hardware, Storage & Peripherals","Milpitas, California",2025-11-28,1988,2025,2020,1980,California
SBAC,SBA Communications,Real Estate,Telecom Tower REITs,"Boca Raton, Florida",2017-09-01,1989,2017,2010,1980,Florida
SLB,Schlumberger,Energy,Oil & Gas Equipment & Services,"Houston, Texas",1957-03-04,1926,1957,1950,1920,Texas
STX,Seagate Technology,Information Technology,"Technology Hardware, Storage & Peripherals","Dublin, Ireland",2012-07-02,1979,2012,2010,1970,Ireland
SRE,Sempra,Utilities,Multi-Utilities,"San Diego, California",2017-03-17,1998,2017,2010,1990,California
NOW,ServiceNow,Information Technology,Systems Software,"Santa Clara, California",2019-11-21,2003,2019,2010,2000,California
SHW,Sherwin-Williams,Materials,Specialty Chemicals,"Cleveland, Ohio",1964-06-30,1866,1964,1960,1860,Ohio
SPG,Simon Property Group,Real Estate,Retail REITs,"Indianapolis, Indiana",2002-06-26,2003,2002,2000,2000,Indiana
SWKS,Skyworks Solutions,Information Technology,Semiconductors,"Irvine, California",2015-03-12,2002,2015,2010,2000,California
SJM,J.M. Smucker Company (The),Consumer Staples,Packaged Foods & Meats,"Orrville, Ohio",2008-11-06,1897,2008,2000,1890,Ohio
SW,Smurfit Westrock,Materials,Paper & Plastic Packaging Products & Materials,"Dublin, Ireland",2024-07-08,1934,2024,2020,1930,Ireland
SNA,Snap-on,Industrials,Industrial Machinery & Supplies & Components,"Kenosha, Wisconsin",1982-09-30,1920,1982,1980,1920,Wisconsin
SOLV,Solventum,Health Care,Health Care Technology,"Saint Paul, Minnesota",2024-04-01,2023,2024,2020,2020,Minnesota
SO,Southern Company,Utilities,Electric Utilities,"Atlanta, Georgia",1957-03-04,1945,1957,1950,1940,Georgia
LUV,Southwest Airlines,Industrials,Passenger Airlines,"Dallas, Texas",1994-07-01,1967,1994,1990,1960,Texas
SWK,Stanley Black & Decker,Industrials,Industrial Machinery & Supplies & Components,"New Britain, Connecticut",1982-09-30,1843,1982,1980,1840,Connecticut
SBUX,Starbucks,Consumer Discretionary,Restaurants,"Seattle, Washington",2000-06-07,1971,2000,2000,1970,Washington
STT,State Street Corporation,Financials,Asset Management & Custody Banks,"Boston, Massachusetts",2003-03-14,1792,2003,2000,1790,Massachusetts
STLD,Steel Dynamics,Materials,Steel,"Fort Wayne, Indiana",2022-12-22,1993,2022,2020,1990,Indiana
STE,Steris,Health Care,Health Care Equipment,"Dublin, Ireland",2019-12-23,1985,2019,2010,1980,Ireland
SYK,Stryker Corporation,Health Care,Health Care Equipment,"Kalamazoo, Michigan",2000-12-12,1941,2000,2000,1940,Michigan
SMCI,Supermicro,Information Technology,"Technology Hardware, Storage & Peripherals","San Jose, California",2024-03-18,1993,2024,2020,1990,California
SYF,Synchrony Financial,Financials,Consumer Finance,"Stamford, Connecticut",2015-11-18,2003,2015,2010,2000,Connecticut
SNPS,Synopsys,Information Technology,Application Software,"Sunnyvale, California",2017-03-16,1986,2017,2010,1980,California
SYY,Sysco,Consumer Staples,Food Distributors,"Houston, Texas",1986-12-31,1969,1986,1980,1960,Texas
TMUS,T-Mobile US,Communication Services,Wireless Telecommunication Services,"Bellevue, Washington",2019-07-15,1994,2019,2010,1990,Washington
TROW,T. Rowe Price,Financials,Asset Management & Custody Banks,"Baltimore, Maryland",2019-07-29,1937,2019,2010,1930,Maryland
TTWO,Take-Two Interactive,Communication Services,Interactive Home Entertainment,"New York City, New York",2018-03-19,1993,2018,2010,1990,New York
TPR,"Tapestry, Inc.",Consumer Discretionary,"Apparel, Accessories & Luxury Goods","New York City, New York",2004-09-01,2017,2004,2000,2010,New York
TRGP,Targa Resources,Energy,Oil & Gas Storage & Transportation,"Houston, Texas",2022-10-12,2005,2022,2020,2000,Texas
TGT,Target Corporation,Consumer Staples,Consumer Staples Merchandise Retail,"Minneapolis, Minnesota",1976-12-31,1902,1976,1970,1900,Minnesota
TEL,TE Connectivity,Information Technology,Electronic Manufacturing Services,"Galway, Ireland",2011-10-17,2007,2011,2010,2000,Ireland
TDY,Teledyne Technologies,Information Technology,Electronic Equipment & Instruments,"Thousand Oaks, California",2020-06-22,1960,2020,2020,1960,California
TER,Teradyne,Information Technology,Semiconductor Materials & Equipment,"North Reading, Massachusetts",2020-09-21,1960,2020,2020,1960,Massachusetts
TSLA,"Tesla, Inc.",Consumer Discretionary,Automobile Manufacturers,"Austin, Texas",2020-12-21,2003,2020,2020,2000,Texas
TXN,Texas Instruments,Information Technology,Semiconductors,"Dallas, Texas",2001-03-12,1930,2001,2000,1930,Texas
TPL,Texas Pacific Land Corporation,Energy,Oil & Gas Exploration & Production,"Dallas, Texas",2024-11-26,1888,2024,2020,1880,Texas
TXT,Textron,Industrials,Aerospace & Defense,"Providence, Rhode Island",1978-12-31,1923,1978,1970,1920,Rhode Island
TMO,Thermo Fisher Scientific,Health Care,Life Sciences Tools & Services,"Waltham, Massachusetts",2004-08-03,,2004,2000,,Massachusetts
TJX,TJX Companies,Consumer Discretionary,Apparel Retail,"Framingham, Massachusetts",1985-09-30,1987,1985,1980,1980,Massachusetts
TKO,TKO Group Holdings,Communication Services,Movies & Entertainment,"New York City, New York",2025-03-24,2023,2025,2020,2020,New York
TTD,Trade Desk (The),Communication Services,Advertising,"Ventura, California",2025-07-18,2009,2025,2020,2000,California
TSCO,Tractor Supply,Consumer Discretionary,Other Specialty Retail,"Brentwood, Tennessee",2014-01-24,1938,2014,2010,1930,Tennessee
TT,Trane Technologies,Industrials,Building Products,"Dublin, Ireland",2010-11-17,1871,2010,2010,1870,Ireland
TDG,TransDigm Group,Industrials,Aerospace & Defense,"Cleveland, Ohio",2016-06-03,1993,2016,2010,1990,Ohio
TRV,Travelers Companies (The),Financials,Property & Casualty Insurance,"New York City, New York",2002-08-21,1853,2002,2000,1850,New York
TRMB,Trimble Inc.,Information Technology,Electronic Equipment & Instruments,"Westminster, Colorado",2021-01-21,1978,2021,2020,1970,Colorado
TFC,Truist Financial,Financials,Diversified Banks,"Charlotte, North Carolina",1997-12-04,1872,1997,1990,1870,North Carolina
TYL,Tyler Technologies,Information Technology,Application Software,"Plano, Texas",2020-06-22,1966,2020,2020,1960,Texas
TSN,Tyson Foods,Consumer Staples,Packaged Foods & Meats,"Springdale, Arkansas",2005-08-10,1935,2005,2000,1930,Arkansas
USB,U.S. Bancorp,Financials,Diversified Banks,"Minneapolis, Minnesota",1999-11-01,1968,1999,1990,1960,Minnesota
UBER,Uber,Industrials,Passenger Ground Transportation,"San Francisco, California",2023-12-18,2009,2023,2020,2000,California
UDR,"UDR, Inc.",Real Estate,Multi-Family Residential REITs,"Highlands Ranch, Colorado",2016-03-07,1972,2016,2010,1970,Colorado
ULTA,Ulta Beauty,Consumer Discretionary,Other Specialty Retail,"Bolingbrook, Illinois",2016-04-18,1990,2016,2010,1990,Illinois
UNP,Union Pacific Corporation,Industrials,Rail Transportation,"Omaha, Nebraska",1957-03-04,1862,1957,1950,1860,Nebraska
UAL,United Airlines Holdings,Industrials,Passenger Airlines,"Chicago, Illinois",2015-09-03,1967,2015,2010,1960,Illinois
UPS,United Parcel Service,Industrials,Air Freight & Logistics,"Sandy Springs, Georgia",2002-07-22,1907,2002,2000,1900,Georgia
URI,United Rentals,Industrials,Trading Companies & Distributors,"Stamford, Connecticut",2014-09-20,1997,2014,2010,1990,Connecticut
UNH,UnitedHealth Group,Health Care,Managed Health Care,"Eden Prairie, Minnesota",1994-07-01,1977,1994,1990,1970,Minnesota
UHS,Universal Health Services,Health Care,Health Care Facilities,"King of Prussia, Pennsylvania",2014-09-20,1979,2014,2010,1970,Pennsylvania
VLO,Valero Energy,Energy,Oil & Gas Refining & Marketing,"San Antonio, Texas",2002-12-20,1980,2002,2000,1980,Texas
VTR,Ventas,Real Estate,Health Care REITs,"Chicago, Illinois",2009-03-04,1998,2009,2000,1990,Illinois
VLTO,Veralto,Industrials,Environmental & Facilities Services,"Waltham, Massachusetts",2023-10-02,2023,2023,2020,2020,Massachusetts
VRSN,Verisign,Information Technology,Internet Services & Infrastructure,"Reston, Virginia",2006-02-01,1995,2006,2000,1990,Virginia
VRSK,Verisk Analytics,Industrials,Research & Consulting Services,"Jersey City, New Jersey",2015-10-08,1971,2015,2010,1970,New Jersey
VZ,Verizon,Communication Services,Integrated Telecommunication Services,"New York City, New York",1983-11-30,,1983,1980,,New York
VRTX,Vertex Pharmaceuticals,Health Care,Biotechnology,"Boston, Massachusetts",2013-09-23,1989,2013,2010,1980,Massachusetts
VRT,Vertiv,Industrials,Electrical Components & Equipment,"Westerville, Ohio",2026-03-23,2016,2026,2020,2010,Ohio
VTRS,Viatris,Health Care,Pharmaceuticals,"Pittsburgh, Pennsylvania",2004-04-23,1961,2004,2000,1960,Pennsylvania
VICI,Vici Properties,Real Estate,Hotel & Resort REITs,"New York City, New York",2022-06-08,2017,2022,2020,2010,New York
V,Visa Inc.,Financials,Transaction & Payment Processing Services,"San Francisco, California",2009-12-21,1958,2009,2000,1950,California
VST,Vistra Corp.,Utilities,Electric Utilities,"Irving, Texas",2024-05-08,2016,2024,2020,2010,Texas
VMC,Vulcan Materials Company,Materials,Construction Materials,"Birmingham, Alabama",1999-06-30,1909,1999,1990,1900,Alabama
WRB,W. R. Berkley Corporation,Financials,Property & Casualty Insurance,"Greenwich, Connecticut",2019-12-05,1967,2019,2010,1960,Connecticut
GWW,W. W. Grainger,Industrials,Industrial Machinery & Supplies & Components,"Lake Forest, Illinois",1981-06-30,1927,1981,1980,1920,Illinois
WAB,Wabtec,Industrials,Construction Machinery & Heavy Transportation Equipment,"Pittsburgh, Pennsylvania",2019-02-27,,2019,2010,,Pennsylvania
WMT,Walmart,Consumer Staples,Consumer Staples Merchandise Retail,"Bentonville, Arkansas",1982-08-31,1962,1982,1980,1960,Arkansas
DIS,Walt Disney Company (The),Communication Services,Movies & Entertainment,"Burbank, California",1976-06-30,1923,1976,1970,1920,California
WBD,Warner Bros. Discovery,Communication Services,Broadcasting,"New York City, New York",2022-04-11,,2022,2020,,New York
WM,Waste Management,Industrials,Environmental & Facilities Services,"Houston, Texas",1998-08-31,1968,1998,1990,1960,Texas
WAT,Waters Corporation,Health Care,Life Sciences Tools & Services,"Milford, Massachusetts",2002-01-02,1958,2002,2000,1950,Massachusetts
WEC,WEC Energy Group,Utilities,Electric Utilities,"Milwaukee, Wisconsin",2008-10-31,1896,2008,2000,1890,Wisconsin
WFC,Wells Fargo,Financials,Diversified Banks,"San Francisco, California",1976-06-30,1852,1976,1970,1850,California
WELL,Welltower,Real Estate,Health Care REITs,"Toledo, Ohio",2009-01-30,1970,2009,2000,1970,Ohio
WST,West Pharmaceutical Services,Health Care,Health Care Supplies,"Exton, Pennsylvania",2020-05-22,1923,2020,2020,1920,Pennsylvania
WDC,Western Digital,Information Technology,"Technology Hardware, Storage & Peripherals","San Jose, California",2009-07-01,1970,2009,2000,1970,California
WY,Weyerhaeuser,Real Estate,Timber REITs,"Seattle, Washington",1979-10-01,1900,1979,1970,1900,Washington
WSM,"Williams-Sonoma, Inc.",Consumer Discretionary,Homefurnishing Retail,"San Francisco, California",2025-03-24,1956,2025,2020,1950,California
WMB,Williams Companies,Energy,Oil & Gas Storage & Transportation,"Tulsa, Oklahoma",1975-03-31,1908,1975,1970,1900,Oklahoma
WTW,Willis Towers Watson,Financials,Insurance Brokers,"London, United Kingdom",2016-01-05,2016,2016,2010,2010,United Kingdom
WDAY,"Workday, Inc.",Information Technology,Application Software,"Pleasanton, California",2024-12-23,2005,2024,2020,2000,California
WYNN,Wynn Resorts,Consumer Discretionary,Casinos & Gaming,"Paradise, Nevada",2008-11-14,2002,2008,2000,2000,Nevada
XEL,Xcel Energy,Utilities,Multi-Utilities,"Minneapolis, Minnesota",1957-03-04,1909,1957,1950,1900,Minnesota
XYL,Xylem Inc.,Industrials,Industrial Machinery & Supplies & Components,"White Plains, New York",2011-11-01,2011,2011,2010,2010,New York
YUM,Yum! Brands,Consumer Discretionary,Restaurants,"Louisville, Kentucky",1997-10-06,1997,1997,1990,1990,Kentucky
ZBRA,Zebra Technologies,Information Technology,Electronic Equipment & Instruments,"Lincolnshire, Illinois",2019-12-23,1969,2019,2010,1960,Illinois
ZBH,Zimmer Biomet,Health Care,Health Care Equipment,"Warsaw, Indiana",2001-08-07,1927,2001,2000,1920,Indiana
ZTS,Zoetis,Health Care,Pharmaceuticals,"Parsippany, New Jersey",2013-06-21,1952,2013,2010,1950,New Jersey
